{
    "AUA": {
        "error": 0.05773262223779995,
        "integral": -64.1320613990594
    },
    "AUA+Q": {
        "error": 0.14783153658014977,
        "integral": -66.5833818215455
    },
    "UA": {
        "error": 0.00010942366004100166,
        "integral": -72.70921404777035
    }
}